,sections,subsections,sources
0,Công ty Bảo hiểm Bảo Long,Bảo hiểm Xe ô tô,https://www.sacombank.com.vn/canhan/Pages/Bao-hiem-Xe-o-to.aspx
1,Công ty Bảo hiểm Bảo Long,Bảo hiểm Nhà tư nhân,https://www.sacombank.com.vn/canhan/Pages/Bao-hiem-Nha-tu-nhan.aspx
2,Công ty Bảo hiểm Bảo Long,Bảo hiểm Du lịch Quốc tế,https://www.sacombank.com.vn/canhan/Pages/Bao-hiem-Du-lich-Quoc-te.aspx
3,Công ty Bảo hiểm Bảo Long,Bảo hiểm Tàu thuyền đánh cá,https://www.sacombank.com.vn/canhan/Pages/Bao-hiem-Tau-thuyen-danh-ca.aspx
4,Công ty Bảo hiểm PTI,Bảo hiểm Xe cơ giới,https://www.sacombank.com.vn/canhan/Pages/Bao-hiem-Xe-co-gioi.aspx
5,Công ty Bảo hiểm PTI,Bảo hiểm Nhà tư nhân,https://www.sacombank.com.vn/canhan/Pages/Bao-hiem-Nha-tu-nhan1.aspx
6,Công ty Bảo hiểm Liberty,Bảo hiểm du lịch quốc tế Liberty Travelcare,https://www.sacombank.com.vn/canhan/Pages/Bao-hiem-du-lich-quoc-te-Liberty-Travelcare.aspx
7,Công ty Bảo hiểm Liberty,Bảo hiểm Chăm sóc Sức khỏe Liberty,https://www.sacombank.com.vn/canhan/Pages/Bao-hiem-Cham-soc-Suc-khoe-Liberty.aspx
