,sections,subsections,sources
0,Internet Banking,Dịch vụ nộp thuế online,https://www.sacombank.com.vn/canhan/Pages/Dich-vu-nop-thue-online.aspx
1,Internet Banking,Chuyển tiền nước ngoài,https://www.sacombank.com.vn/canhan/Pages/Chuyen-tien-quoc-te.aspx
2,Internet Banking,Chuyển tiền trong/ngoài Sacombank,https://www.sacombank.com.vn/canhan/Pages/Chuyen-khoan-trong-ngoai-he-thong.aspx
3,Internet Banking,Chuyển khoản liên Ngân hàng 24/7,https://www.sacombank.com.vn/canhan/Pages/1Chuyen-khoan-nhanh.aspx
4,Internet Banking,Chuyển tiền nhanh NAPAS 247,https://www.sacombank.com.vn/canhan/Pages/Chuyen-khoan-nhanh.aspx
5,Internet Banking,Chuyển tiền đến thẻ Visa / MasterCard,https://www.sacombank.com.vn/canhan/Pages/Chuyen-tien-den-the-Visa-MasterCard.aspx
6,Internet Banking,Chuyển tiền - Nhận bằng di động,https://www.sacombank.com.vn/canhan/Pages/Chuyen-Tien-Nhan-Bang-Di-Dong.aspx
7,Internet Banking,Bán ngoại tệ,https://www.sacombank.com.vn/canhan/Pages/Ban-ngoai-te.aspx
