,sections,subsections,sources
0,Thẻ tín dụng,Visa Infinite,https://www.sacombank.com.vn/canhan/Pages/Visa-Infinite.aspx
1,Thẻ tín dụng,JCB Ultimate,https://www.sacombank.com.vn/canhan/Pages/JCB-Ultimate.aspx
2,Thẻ tín dụng,Visa Signature,https://www.sacombank.com.vn/canhan/Pages/Visa-Signature.aspx
3,Thẻ tín dụng,World Mastercard,https://www.sacombank.com.vn/canhan/Pages/World-Mastercard.aspx
4,Thẻ tín dụng,Visa Platinum,https://www.sacombank.com.vn/canhan/Pages/Visa-Platinum.aspx
5,Thẻ tín dụng,Visa Platinum Cashback,https://www.sacombank.com.vn/canhan/Pages/Visa-Platinum-Cashback.aspx
6,Thẻ tín dụng,Sacombank Visa,https://www.sacombank.com.vn/canhan/Pages/Sacombank-Visa.aspx
7,Thẻ tín dụng,Sacombank Mastercard,https://www.sacombank.com.vn/canhan/Pages/Sacombank-Mastercard.aspx
8,Thẻ tín dụng,Sacombank JCB,https://www.sacombank.com.vn/canhan/Pages/Sacombank-JCB.aspx
9,Thẻ tín dụng,Sacombank UnionPay,https://www.sacombank.com.vn/canhan/Pages/Sacombank-UnionPay.aspx
10,Thẻ tín dụng,Sacombank Napas (Easy Card),https://www.sacombank.com.vn/canhan/Pages/Sacombank-Napas-Easy-Card.aspx
11,Thẻ tín dụng,Thẻ nội địa Napas (Family),https://www.sacombank.com.vn/canhan/Pages/The-noi-dia-Napas-Family.aspx
12,Thẻ tích hợp,Sacombank Mastercard Only One,https://www.sacombank.com.vn/canhan/Pages/SACOMBANK-MASTERCARD-ONLY-ONE.aspx
13,Thẻ tích hợp,Sacombank Napas Combo Card,https://www.sacombank.com.vn/canhan/Pages/Sacombank-Napas-Combo-Card.aspx
14,Thẻ thanh toán,Visa Imperial Signature,https://www.sacombank.com.vn/canhan/Pages/Visa-Imperial-Signature.aspx
15,Thẻ thanh toán,Sacombank JCB Platinum,https://www.sacombank.com.vn/canhan/Pages/Sacombank-JCB-Platinum.aspx
16,Thẻ thanh toán,Sacombank Visa Debit,https://www.sacombank.com.vn/canhan/Pages/Sacombank-Visa-Debit.aspx
17,Thẻ thanh toán,Sacombank MasterCard,https://www.sacombank.com.vn/canhan/Pages/Sacombank-MasterCard-1.aspx
18,Thẻ thanh toán,Sacombank UnionPay,https://www.sacombank.com.vn/canhan/Pages/Sacombank-UnionPay-1.aspx
19,Thẻ thanh toán,Thẻ thanh toán nội địa Napas,https://www.sacombank.com.vn/canhan/Pages/The-thanh-toan-noi-dia-Napas.aspx
20,Thẻ trả trước,Thẻ In Hình,https://www.sacombank.com.vn/canhan/Pages/The-In-Hinh.aspx
21,Thẻ trả trước,Visa All For You,https://www.sacombank.com.vn/canhan/Pages/Visa-All-For-You.aspx
22,Thẻ liên kết,Thẻ tín dụng Doanh nghiệp Sacombank FLC Platinum,https://www.sacombank.com.vn/canhan/Pages/The-tin-dung-Doanh-nghiep-Sacombank-FLC-Platinum.aspx
23,Thẻ liên kết,Thẻ tín dụng Cá nhân Sacombank FLC Infinite,https://www.sacombank.com.vn/canhan/Pages/The-tin-dung-Ca-nhan-Sacombank-FLC-Infinite.aspx
24,Thẻ liên kết,Thẻ tín dụng quốc tế liên kết Sacombank Vietnam Airlines Visa,https://www.sacombank.com.vn/canhan/Pages/The-tin-dung-quoc-te-lien-ket-Sacombank-Vietnam-Airlines-Visa.aspx
25,Thẻ liên kết,Thẻ tín dụng quốc tế Sacombank Bamboo Airways Platinum,https://www.sacombank.com.vn/canhan/Pages/The-tin-dung-quoc-te-Sacombank-Bamboo-Airways-Platinum.aspx
26,Thẻ liên kết,Thẻ tín dụng liên kết Sacombank NextPay Napas,https://www.sacombank.com.vn/canhan/Pages/The-tin-dung-lien-ket-Sacombank-NextPay-Napas.aspx
27,Thẻ liên kết,Thẻ tín dụng quốc tế liên kết Sacombank Tiki Platinum,https://www.sacombank.com.vn/canhan/Pages/The-tin-dung-quoc-te-lien-ket-Sacombank-Tiki-Platinum.aspx
28,Thẻ liên kết,Thẻ tín dụng quốc tế liên kết Sacombank CPA Australia Visa,https://www.sacombank.com.vn/canhan/Pages/The-tin-dung-quoc-te-lien-ket-Sacombank-CPA-Australia-Visa.aspx
29,Thẻ liên kết,Thẻ SSC,https://www.sacombank.com.vn/canhan/Pages/The-SSC.aspx
30,Thẻ liên kết,Thẻ thanh toán Sacombank - HUTECH,https://www.sacombank.com.vn/canhan/Pages/The-thanh-toan-Sacombank-HUTECH.aspx
31,Thẻ liên kết,Thẻ trả trước Sacombank – Vinamilk,https://www.sacombank.com.vn/canhan/Pages/The-tra-truoc-Sacombank-Vinamilk.aspx
32,Dịch vụ thẻ,Mở thẻ qua Sacombank Pay,https://www.sacombank.com.vn/canhan/Pages/Mo-the-qua-Sacombank-Pay.aspx
33,Dịch vụ thẻ,Vay tiêu dùng nhiều lần trên Sacombank Pay,https://www.sacombank.com.vn/canhan/Pages/Vay-tieu-dung-nhieu-lan-tren-Sacombank-Pay.aspx
34,Dịch vụ thẻ,GOOGLE PAY,https://www.sacombank.com.vn/canhan/Pages/GOOGLE-PAY.aspx
35,Dịch vụ thẻ,Tap to phone & NFC,https://www.sacombank.com.vn/canhan/Pages/Tap-to-phone-NFC.aspx
36,Dịch vụ thẻ,Đăng ký thẻ tín dụng online,https://www.sacombank.com.vn/canhan/Pages/Dang-ky-the-tin-dung-online.aspx
37,Dịch vụ thẻ,Nhận và chuyển tiền ra nước ngoài với thẻ Visa,https://www.sacombank.com.vn/canhan/Pages/Nhan-va-chuyen-tien-nuoc-ngoai-voi-the-Visa.aspx
38,Dịch vụ thẻ,Samsung Pay,https://www.sacombank.com.vn/canhan/Pages/Samsung-Pay.aspx
39,Dịch vụ thẻ,Ứng dụng mMerchant,https://www.sacombank.com.vn/canhan/Pages/Ung-dung-mMerchant.aspx
40,Dịch vụ thẻ,Chủ động quản lý thẻ 24/7,https://www.sacombank.com.vn/canhan/Pages/Chu-dong-quan-ly-the-24-7.aspx
41,Dịch vụ thẻ,Sacombank Contactless,https://www.sacombank.com.vn/canhan/Pages/Sacombank-Contactless.aspx
42,Dịch vụ thẻ,MoneySend,https://www.sacombank.com.vn/canhan/Pages/MoneySend.aspx
43,Dịch vụ thẻ,Money Gram,https://www.sacombank.com.vn/canhan/Pages/Money-Gram.aspx
44,Dịch vụ thẻ,Phát hành nhanh thẻ chip,https://www.sacombank.com.vn/canhan/Pages/Phat-hanh-nhanh-the-chip.aspx
45,Dịch vụ thẻ,Bảo mật thẻ,https://www.sacombank.com.vn/canhan/Pages/Bao-mat-the.aspx
46,Dịch vụ thẻ,Visa Direct,https://www.sacombank.com.vn/canhan/Pages/Visa-Direct.aspx
47,Dịch vụ thẻ,Chuyển Tiền - Nhận Bằng Di Động,https://www.sacombank.com.vn/canhan/Pages/Chuyen-Tien-Qua-The-Nhan-Bang-Di-Dong.aspx
48,Dịch vụ thẻ,ATM Sacombank,https://www.sacombank.com.vn/canhan/Pages/ATM-Sacombank.aspx
49,Dịch vụ thẻ,Thanh Toán bằng điểm thưởng,https://www.sacombank.com.vn/canhan/Pages/Thanh-Toan-bang-diem-thuong.aspx
50,Trả góp lãi suất 0%,Trả góp 0% chi tiêu mua sắm,https://www.sacombank.com.vn/canhan/Pages/Tra-gop-0-chi-tieu-mua-sam.aspx
51,Trả góp lãi suất 0%,Ứng tiền ngay,https://www.sacombank.com.vn/canhan/Pages/Ung-tien-ngay.aspx
52,Ưu đãi nổi bật,Tích điểm đổi quà,http://khachhangthanthiet.sacombank.com/
53,Ưu đãi nổi bật,Miễn giảm phí thường niên,https://www.sacombank.com.vn/canhan/Pages/Mien-giam-phi-thuong-nien.aspx
