,types,names,sources
0,Gửi Tiết kiệm,Tiết kiệm không kỳ hạn,https://www.sacombank.com.vn/canhan/Pages/Tiet-kiem-khong-ky-han.aspx
1,Gửi Tiết kiệm,Tiết kiệm Đại Phát,https://www.sacombank.com.vn/canhan/Pages/Tiet-kiem-Dai-Phat.aspx
2,Gửi Tiết kiệm,Tiết kiệm có kỳ hạn,https://www.sacombank.com.vn/canhan/Pages/Tiet-kiem-Co-ky-han-truyen-thong.aspx
3,Gửi Tiết kiệm,Tiết kiệm Trung Niên Phúc Lộc,https://www.sacombank.com.vn/canhan/Pages/Tiet-kiem-Trung-nien-Phuc-loc.aspx
4,Gửi Tiết kiệm,Tiết kiệm có kỳ hạn ngày,https://www.sacombank.com.vn/canhan/Pages/TIET-KIEM-CO-KY-HAN-NGAY.aspx
5,Gửi Tiết kiệm,Tiết kiệm Phù Đổng,https://www.sacombank.com.vn/canhan/Pages/Tiet-kiem-Phu-Dong21102015.aspx
6,Gửi Tiết kiệm,Tiết kiệm Tích Tài,https://www.sacombank.com.vn/canhan/Pages/Tiet-Kiem-Tich-Tai.aspx
7,Gửi Tiết kiệm,Tiền gửi Tương Lai,https://www.sacombank.com.vn/canhan/Pages/Tien-gui-Tuong-Lai.aspx
8,Bảo hiểm,Bảo hiểm nhân thọ,https://www.sacombank.com.vn/canhan/Pages/Bao-hiem-nhan-tho.aspx
9,Bảo hiểm,Bảo hiểm phi nhân thọ,https://www.sacombank.com.vn/canhan/Pages/Bao-hiem-phi-nhan-tho.aspx
10,Dịch vụ,Dịch vụ chuyển tiền,https://www.sacombank.com.vn/canhan/Pages/Dich-vu-chuyen-tien.aspx
11,Dịch vụ,Dịch vụ ngoại hối,https://www.sacombank.com.vn/canhan/Pages/Dich-vu-ngoai-hoi-va-san-pham-cau-truc-1608120000.aspx
12,Dịch vụ,Mua bán lẻ Trái phiếu,https://www.sacombank.com.vn/canhan/Pages/Mua-ban-le-Trai-phieu-1608120000.aspx
13,Dịch vụ,Dịch vụ khác,https://www.sacombank.com.vn/canhan/Pages/Dich-vu-khac.aspx
14,Dịch vụ,Kiều hối,https://www.sacombank.com.vn/canhan/Pages/Kieu-hoi.aspx
15,Tài khoản,Tài khoản thanh toán,https://www.sacombank.com.vn/canhan/Pages/Tien-gui-thanh-toan.aspx
16,Cho vay,Vay kinh doanh,https://www.sacombank.com.vn/canhan/Pages/Vay-kinh-doanh.aspx
17,Cho vay,Vay tiêu dùng,https://www.sacombank.com.vn/canhan/Pages/Vay-tieu-dung.aspx
18,Cho vay,Vay không có tài sản bảo đảm,https://www.sacombank.com.vn/canhan/Pages/Vay-khong-co-tai-san-bao-dam.aspx
19,Cho vay,Vay linh hoạt,https://www.sacombank.com.vn/canhan/Pages/Vay-dac-thu.aspx
20,Ngân hàng điện tử,Khách hàng cá nhân,https://www.sacombank.com.vn/canhan/Pages/Khach-hang-ca-nhan.aspx
21,Ngân hàng điện tử,Ngân hàng điện tử cho doanh nghiệp,https://www.sacombank.com.vn/canhan/Pages/Ngan-hang-dien-tu-cho-doanh-nghiep.aspx
22,Thẻ,Thẻ tín dụng,https://www.sacombank.com.vn/canhan/Pages/The-tin-dung-2112010000.aspx
23,Thẻ,Thẻ tích hợp,https://www.sacombank.com.vn/canhan/Pages/The-tich-hop.aspx
24,Thẻ,Thẻ thanh toán,https://www.sacombank.com.vn/canhan/Pages/The-thanh-toan-2112010000.aspx
25,Thẻ,Thẻ trả trước,https://www.sacombank.com.vn/canhan/Pages/The-tra-truoc-2112010000.aspx
26,Thẻ,Thẻ liên kết,https://www.sacombank.com.vn/canhan/Pages/The-lien-ket.aspx
27,Thẻ,Dịch vụ thẻ,https://www.sacombank.com.vn/canhan/Pages/Dich-vu-the.aspx
28,Thẻ,Trả góp lãi suất 0%,https://www.sacombank.com.vn/canhan/Pages/Tra-gop-lai-suat-0-2112010000.aspx
29,Thẻ,Ưu đãi nổi bật,https://www.sacombank.com.vn/canhan/Pages/Uu-dai-noi-bat.aspx
